container_count,entity_id,entity_type,event_id,event_type,origin,terminal,timestamp,wagons,weight_tons
,TAKARGO_991,train,ea1c6946-9343-4f85-a008-42804f9005f8,TRAIN_UNLOADING,,T3,2026-05-29T16:14:54.972953,17,
,CONT_816307,container,d9f1e9db-38cb-49a7-b612-d4dc9ab135ec,CONTAINER_SCAN,,T4,2026-05-29T16:16:30.972953,,10.99
,CONT_321509,container,bc374408-95b1-4a0e-b153-148a3f9b0ebf,CONTAINER_TRANSFER,,T1,2026-05-29T16:17:09.972953,,10.31
,TAKARGO_991,train,586cb010-2a91-4017-ba30-1bc2479cb76b,TRAIN_UNLOADING,,T2,2026-05-29T16:17:56.972953,20,
,MEDWAY_778,train,e4183735-19cb-4cac-9e54-ebe37586068f,TRAIN_UNLOADING,,T2,2026-05-29T16:18:15.972953,36,
,CONT_964944,container,6af17861-2861-4097-9100-9c0f1b427e7b,CONTAINER_SCAN,,T4,2026-05-29T16:18:53.972953,,6.79
,CONT_751834,container,7435a6d4-07ad-4f7d-910b-0932f926a974,CONTAINER_UNLOAD,,T2,2026-05-29T16:18:57.972953,,6.97
,MEDWAY_778,train,65f7fd91-f35f-446e-be96-fbee8d6b49c8,TRAIN_DEPARTURE,,T2,2026-05-29T16:20:10.972953,35,
1050,EVER_GLOBE,ship,f9d51e3e-3a57-4d95-b6d7-3d3a4bf3bb4a,SHIP_UNDOCKED,Singapore,T2,2026-05-29T16:20:25.972953,,
,TAKARGO_991,train,d6ffd96b-9b63-49b7-b396-d488f503daa9,TRAIN_DEPARTURE,,T1,2026-05-29T16:21:41.972953,28,
,CONT_793218,container,82c987b5-3d5a-47c1-8d7b-d8600e39b98a,CONTAINER_TRANSFER,,T3,2026-05-29T16:22:01.972953,,29.54
,CONT_151887,container,c3d83125-3392-4fb2-a663-b6146403d304,CONTAINER_UNLOAD,,T3,2026-05-29T16:22:14.972953,,21.48
,TAKARGO_991,train,58bfe8a8-28f5-41cc-b8b3-3216f2603544,TRAIN_LOADING,,T4,2026-05-29T16:25:35.972953,18,
,CP_4401,train,bd13b0f1-4276-4543-98f3-2a3e6c9f5003,TRAIN_DEPARTURE,,T3,2026-05-29T16:25:47.972953,28,
,CONT_714112,container,34a56a23-af1f-4383-bdfd-4d193133fafb,CONTAINER_TRANSFER,,T4,2026-05-29T16:27:59.972953,,8.53
,TAKARGO_991,train,efe57ffb-f9e6-4cfe-a176-670de14d8965,TRAIN_DEPARTURE,,T2,2026-05-29T16:28:26.972953,24,
292,EVER_GLOBE,ship,e00469fc-adc5-459c-9a71-9e2a148a74fd,SHIP_DEPARTURE,Singapore,T3,2026-05-29T16:29:08.972953,,
,CONT_259600,container,ad4f28e8-fb69-4e7c-9537-1fd9ca25ed12,CONTAINER_SCAN,,T4,2026-05-29T16:29:19.972953,,7.65
,CP_4401,train,b2d3823b-e2ef-4f02-be72-8bc7db08cbd8,TRAIN_UNLOADING,,T4,2026-05-29T16:29:41.972953,36,
,CONT_305467,container,a472a5f2-4ae0-4e75-b546-3735e87cee6d,CONTAINER_TRANSFER,,T4,2026-05-29T16:29:47.972953,,29.5
,CONT_548976,container,0a408898-a8a5-4b4b-81c8-ae3d54265310,CONTAINER_LOAD,,T1,2026-05-29T16:30:27.972953,,20.8
,TAKARGO_991,train,b248864e-a375-4d4c-9327-637f3b437f84,TRAIN_ARRIVAL,,T3,2026-05-29T16:30:36.972953,14,
,CONT_938264,container,39df7004-5f25-4feb-8afd-a33a18eb33ec,CONTAINER_UNLOAD,,T1,2026-05-29T16:31:51.972953,,10.91
1994,POSEIDON_X,ship,b5e0a41f-33f2-4e54-84f8-0c93ce8a1a27,SHIP_UNDOCKED,Singapore,T2,2026-05-29T16:32:00.972953,,
,MEDWAY_778,train,8001d366-9d31-4460-80f2-2c5c266a696e,TRAIN_DEPARTURE,,T2,2026-05-29T16:32:55.972953,25,
,CONT_238401,container,d4cf6304-b0c7-4220-86ce-aa9448f733b1,CONTAINER_SCAN,,T2,2026-05-29T16:35:29.972953,,16.6
,MEDWAY_778,train,a3edd71a-eee1-4317-a7a4-67d943ea8a7f,TRAIN_LOADING,,T1,2026-05-29T16:35:31.972953,31,
680,EVER_GLOBE,ship,48da4fa5-6dfe-4d59-b3c8-d9cda24ea8c7,SHIP_DOCKED,Hamburg,T2,2026-05-29T16:40:09.972953,,
1411,MSC_ATLAS,ship,57b71bbb-3db8-4a3a-9ef1-93e7d9b9d0f9,SHIP_DEPARTURE,Valencia,T2,2026-05-29T16:40:28.972953,,
,CONT_131023,container,5ddc49b4-39ca-4800-ae55-f7190a2ddee0,CONTAINER_SCAN,,T1,2026-05-29T16:40:32.972953,,22.81
1637,EVER_GLOBE,ship,fbd50185-1ee6-448c-9eac-fd090b71ff2b,SHIP_ARRIVAL,Rotterdam,T1,2026-05-29T16:40:50.972953,,
1574,MAERSK_NEXUS,ship,d46560ad-8679-44ee-a12c-10218ead88e0,SHIP_ARRIVAL,Shanghai,T2,2026-05-29T16:41:01.972953,,
718,MSC_ATLAS,ship,8eece811-9c52-4d80-b414-339ef37b0720,SHIP_ARRIVAL,Singapore,T4,2026-05-29T16:42:36.972953,,
310,MSC_ATLAS,ship,a40d9680-dfb1-4593-851a-65ccf52d7e8a,SHIP_DOCKED,Singapore,T4,2026-05-29T16:44:00.972953,,
,MEDWAY_778,train,88d76ff9-2fe2-4e45-8b44-199b9d124f0b,TRAIN_UNLOADING,,T2,2026-05-29T16:45:13.972953,33,
,CONT_781349,container,3e41cbd3-bd97-456c-aec9-ac3e448dda3f,CONTAINER_SCAN,,T4,2026-05-29T16:45:18.972953,,27.03
,CONT_599984,container,c453e573-346e-4159-afe4-1cfd0583c7ba,CONTAINER_LOAD,,T2,2026-05-29T16:46:41.972953,,7.87
617,EVER_GLOBE,ship,119842a4-4024-4378-8069-d3e4267ee7d5,SHIP_DEPARTURE,Valencia,T3,2026-05-29T16:47:21.972953,,
1115,POSEIDON_X,ship,c63833d5-4955-4cd3-8fbd-4d50f600735f,SHIP_UNDOCKED,Valencia,T3,2026-05-29T16:47:31.972953,,
,CONT_904233,container,c3458a5b-bb14-45d7-b861-bc368f2921db,CONTAINER_SCAN,,T3,2026-05-29T16:48:07.972953,,6.02
,CP_4401,train,85becc66-cace-4e01-81d6-0ec62d98a55c,TRAIN_UNLOADING,,T1,2026-05-29T16:48:19.972953,34,
,CONT_531786,container,7461fd23-cfd3-44ee-8e72-ae198cf517ea,CONTAINER_SCAN,,T1,2026-05-29T16:48:52.972953,,9.53
815,MSC_ATLAS,ship,6909765a-4684-4c73-90fd-22891a1925d3,SHIP_ARRIVAL,Shanghai,T4,2026-05-29T16:49:33.972953,,
,CONT_903745,container,34760e44-51bb-40e6-b56a-bf7c95d35e0a,CONTAINER_UNLOAD,,T2,2026-05-29T16:52:31.972953,,11.91
,CONT_466620,container,4084052e-df8a-4075-87e4-fc41cb397bec,CONTAINER_TRANSFER,,T3,2026-05-29T16:54:08.972953,,17.33
,MEDWAY_778,train,d45e0f14-ea22-4893-9a52-41ea3113ef2d,TRAIN_ARRIVAL,,T3,2026-05-29T16:54:33.972953,13,
,CP_4401,train,b3c31fd4-d5ac-4ab4-a720-5328ec4e1fda,TRAIN_DEPARTURE,,T3,2026-05-29T16:55:19.972953,40,
1214,POSEIDON_X,ship,eb359afd-a7c6-46ba-a66b-be1d81f9c609,SHIP_ARRIVAL,Rotterdam,T4,2026-05-29T16:56:38.972953,,
,CONT_649859,container,763c113b-49d1-465c-8aa8-72b9a33ea82f,CONTAINER_UNLOAD,,T4,2026-05-29T16:58:28.972953,,22.53
,CONT_660148,container,7109ec27-2ed7-4f62-93c7-e701c886f14f,CONTAINER_UNLOAD,,T4,2026-05-29T16:58:46.972953,,16.78
,CONT_731295,container,f757a44a-8705-4a7d-a564-9a8759e098f5,CONTAINER_UNLOAD,,T2,2026-05-29T16:59:26.972953,,28.55
983,POSEIDON_X,ship,9e2eaed7-ad21-4e54-aae3-8b17b12f524d,SHIP_DOCKED,Shanghai,T1,2026-05-29T17:00:43.972953,,
738,POSEIDON_X,ship,1fa25fd8-c65e-475e-af45-5bd30addd890,SHIP_DEPARTURE,Hamburg,T2,2026-05-29T17:01:12.972953,,
,CONT_955596,container,8e2c96f4-8222-4fb5-b760-a562820e66bc,CONTAINER_SCAN,,T4,2026-05-29T17:01:45.972953,,18.34
1811,POSEIDON_X,ship,daeaabfa-7cbe-4af5-8d51-e4cd17615485,SHIP_UNDOCKED,Hamburg,T4,2026-05-29T17:02:54.972953,,
,TAKARGO_991,train,4e722175-73eb-43a3-a051-b4ac83948ee9,TRAIN_UNLOADING,,T2,2026-05-29T17:03:13.972953,33,
,MEDWAY_778,train,4c0a4b80-563d-4824-ba9e-3425593cd7cd,TRAIN_DEPARTURE,,T4,2026-05-29T17:03:19.972953,30,
,TAKARGO_991,train,728f2ac1-c96f-425a-980a-54403963312b,TRAIN_LOADING,,T1,2026-05-29T17:04:48.972953,24,
363,EVER_GLOBE,ship,01b9965b-995d-40bf-83e2-5215cdce13a9,SHIP_DEPARTURE,Rotterdam,T4,2026-05-29T17:06:20.972953,,
,CP_4401,train,7b0b3b3f-09aa-48f6-b23f-9a14cd3e23ea,TRAIN_LOADING,,T3,2026-05-29T17:07:13.972953,34,
981,POSEIDON_X,ship,23233539-e657-4d87-8386-3e6140795d79,SHIP_UNDOCKED,Valencia,T4,2026-05-29T17:07:16.972953,,
1375,POSEIDON_X,ship,49f9693e-b7fa-4784-9ef5-01aa976eee41,SHIP_DEPARTURE,Valencia,T3,2026-05-29T17:09:13.972953,,
,CONT_992492,container,f7e75225-7099-46b3-991e-c3b1d4fa27b3,CONTAINER_TRANSFER,,T2,2026-05-29T17:09:15.972953,,26.74
1121,MSC_ATLAS,ship,357f17c8-3d45-4181-ab98-c7129d2f9970,SHIP_DEPARTURE,Valencia,T3,2026-05-29T17:10:17.972953,,
1972,MSC_ATLAS,ship,293e1fae-be9e-4485-a72e-9b1a8ca8826e,SHIP_UNDOCKED,Valencia,T1,2026-05-29T17:11:05.972953,,
,CONT_955738,container,10b3f9fc-202c-45a0-aa35-09a8d6dee256,CONTAINER_TRANSFER,,T2,2026-05-29T17:11:33.972953,,6.22
1790,MSC_ATLAS,ship,37443796-bafc-48fb-8dda-9ae1e686aef6,SHIP_UNDOCKED,Singapore,T1,2026-05-29T17:13:05.972953,,
1091,MSC_ATLAS,ship,497332df-232b-4a0e-aba9-31960a052318,SHIP_UNDOCKED,Singapore,T1,2026-05-29T17:14:58.972953,,
1476,MAERSK_NEXUS,ship,fca41041-cc2e-4289-bff6-8a129c7738d5,SHIP_ARRIVAL,Shanghai,T2,2026-05-29T17:15:04.972953,,
,CONT_122386,container,c57b782b-b3a1-495f-bfa1-9e691adff1d2,CONTAINER_UNLOAD,,T2,2026-05-29T17:15:13.972953,,23.35
,CONT_223275,container,c8328dd6-69d8-44fa-b6d9-358f1dd0bc0a,CONTAINER_UNLOAD,,T2,2026-05-29T17:15:33.972953,,13.57
1656,EVER_GLOBE,ship,a5f81a51-f821-48d6-a998-af53613a195e,SHIP_DOCKED,Singapore,T3,2026-05-29T17:15:33.972953,,
,CONT_147889,container,1e8c57aa-e945-44b2-99de-0749b9c373d8,CONTAINER_LOAD,,T1,2026-05-29T17:16:09.972953,,20.85
,CONT_239526,container,b220cdd6-1afd-4dd6-b43f-1964738a36bb,CONTAINER_UNLOAD,,T4,2026-05-29T17:16:30.972953,,13.69
,CONT_770060,container,26873b3e-2436-4a15-8484-4853669e2d3e,CONTAINER_SCAN,,T3,2026-05-29T17:17:27.972953,,12.86
,CONT_861295,container,9585ff9e-f06b-4b87-bf49-b372493e7d12,CONTAINER_UNLOAD,,T3,2026-05-29T17:17:56.972953,,17.24
1198,MSC_ATLAS,ship,8075d4a6-e4bf-4475-8cfa-5c17e301ae36,SHIP_ARRIVAL,Shanghai,T1,2026-05-29T17:20:24.972953,,
1437,MSC_ATLAS,ship,3e3762a5-6698-4b3b-8b75-4967f8fe670c,SHIP_DEPARTURE,Hamburg,T2,2026-05-29T17:21:00.972953,,
,MEDWAY_778,train,541069b5-0872-4232-8407-ae5f13ef4428,TRAIN_LOADING,,T3,2026-05-29T17:22:09.972953,18,
,CP_4401,train,e69cceba-6091-4352-a1c9-4bf5c6923934,TRAIN_ARRIVAL,,T1,2026-05-29T17:22:32.972953,17,
,CONT_441274,container,e1078211-8f6c-4d80-9556-d9d98798058a,CONTAINER_UNLOAD,,T3,2026-05-29T17:25:20.972953,,23.95
,CONT_659668,container,a5a2d395-d306-43fc-a3eb-15020552a3ed,CONTAINER_LOAD,,T3,2026-05-29T17:25:20.972953,,17.82
1997,EVER_GLOBE,ship,71a24b11-f760-42e5-a5a1-421b31c6457d,SHIP_DEPARTURE,Rotterdam,T4,2026-05-29T17:26:00.972953,,
1911,POSEIDON_X,ship,f73236d4-4fd3-447f-b25f-4f9b17666197,SHIP_ARRIVAL,Hamburg,T3,2026-05-29T17:26:46.972953,,
473,POSEIDON_X,ship,b8f93caf-5b47-4995-be4b-0f5b5ddd8cb8,SHIP_DEPARTURE,Shanghai,T1,2026-05-29T17:26:54.972953,,
955,POSEIDON_X,ship,8ef5cf9d-ef86-4da6-b9a4-7c4938b592db,SHIP_ARRIVAL,Rotterdam,T4,2026-05-29T17:27:55.972953,,
1200,MAERSK_NEXUS,ship,190cb54b-b16d-4183-a30c-fc49683205c4,SHIP_UNDOCKED,Shanghai,T1,2026-05-29T17:29:29.972953,,
,CP_4401,train,4e5ae012-7307-45c4-aa71-f03ec2ae6931,TRAIN_ARRIVAL,,T2,2026-05-29T17:30:13.972953,26,
,TAKARGO_991,train,47269dde-de75-4a40-81f3-d9b2fc32b57c,TRAIN_LOADING,,T2,2026-05-29T17:30:15.972953,13,
,MEDWAY_778,train,06d820d4-9ee1-4b66-a465-45937348dc51,TRAIN_DEPARTURE,,T1,2026-05-29T17:30:19.972953,24,
,CP_4401,train,44b1b133-72b2-416f-ad06-3ac237551640,TRAIN_DEPARTURE,,T4,2026-05-29T17:31:42.972953,36,
1123,POSEIDON_X,ship,2edb22e4-0cc5-40e9-9504-3605b1592fec,SHIP_DEPARTURE,Singapore,T2,2026-05-29T17:31:51.972953,,
,CONT_708346,container,effc0c41-1536-4fee-a5c1-3f2b95fd612f,CONTAINER_SCAN,,T4,2026-05-29T17:32:11.972953,,12.88
,MEDWAY_778,train,3fd98a8e-7029-47a1-889f-ab12de6f9ca0,TRAIN_ARRIVAL,,T3,2026-05-29T17:32:38.972953,20,
,CONT_622409,container,37b04979-698a-4f70-8c32-d203bb5cf29a,CONTAINER_SCAN,,T3,2026-05-29T17:35:31.972953,,27.21
,TAKARGO_991,train,a471becf-53cb-42a8-a1fe-d71f57428fda,TRAIN_ARRIVAL,,T1,2026-05-29T17:35:48.972953,28,
410,EVER_GLOBE,ship,787de1f0-dd8d-4abf-91c5-cd8d28e22fc7,SHIP_UNDOCKED,Shanghai,T1,2026-05-29T17:36:43.972953,,
1713,EVER_GLOBE,ship,32c0846a-7c83-4d3f-9963-f3213176a9fc,SHIP_DEPARTURE,Rotterdam,T2,2026-05-29T17:37:54.972953,,
,CONT_723377,container,92703053-4a2b-4446-9cb1-4a7521ab8b95,CONTAINER_TRANSFER,,T3,2026-05-29T17:38:52.972953,,5.25
,CONT_110752,container,7c773329-492f-4374-8b10-b434c111fae7,CONTAINER_UNLOAD,,T4,2026-05-29T17:40:24.972953,,20.29
,CP_4401,train,25079c67-1121-455f-bd3b-31650d432957,TRAIN_ARRIVAL,,T3,2026-05-29T17:40:35.972953,20,
,CP_4401,train,f2b284e7-7050-43f2-bcd4-a6a7ce4e9f2b,TRAIN_LOADING,,T1,2026-05-29T17:41:43.972953,22,
,CP_4401,train,6eb4e24f-8e6d-465f-85a5-72c6d84af9ec,TRAIN_LOADING,,T2,2026-05-29T17:42:10.972953,25,
,TAKARGO_991,train,2c6c15f6-11ef-446a-a862-3b4aefe2e004,TRAIN_LOADING,,T4,2026-05-29T17:43:48.972953,39,
1255,POSEIDON_X,ship,b426152c-36da-4b73-bbc0-6d30d548b53e,SHIP_DEPARTURE,Singapore,T2,2026-05-29T17:44:15.972953,,
,TAKARGO_991,train,e6dadf5a-347c-4e02-a603-7e6abbb073c1,TRAIN_UNLOADING,,T1,2026-05-29T17:45:16.972953,21,
1795,EVER_GLOBE,ship,0ca3e1bb-b93c-4775-bfbb-2dd31c9f0f65,SHIP_DOCKED,Hamburg,T4,2026-05-29T17:45:18.972953,,
1932,POSEIDON_X,ship,5d4617be-452f-40e3-9aaa-0679d34e2d97,SHIP_ARRIVAL,Rotterdam,T2,2026-05-29T17:46:51.972953,,
,CONT_903173,container,d89be66b-6e7f-44d8-a2e1-529deeba4989,CONTAINER_SCAN,,T3,2026-05-29T17:47:40.972953,,16.46
1619,POSEIDON_X,ship,928ec241-9840-40ba-81ed-48109b6cde15,SHIP_ARRIVAL,Rotterdam,T1,2026-05-29T17:48:09.972953,,
1426,POSEIDON_X,ship,df174c52-c77f-487d-9e32-f61b10729a0e,SHIP_DOCKED,Rotterdam,T3,2026-05-29T17:48:24.972953,,
,CONT_582282,container,fb9484ab-0535-4abe-8f7d-04dc3ae06fd4,CONTAINER_TRANSFER,,T3,2026-05-29T17:48:48.972953,,14.1
,CONT_538855,container,16eb05a8-7114-4980-aeb0-d9e3726a0ac2,CONTAINER_LOAD,,T2,2026-05-29T17:51:52.972953,,10.82
,CONT_293570,container,ef8aed63-b19a-49b9-9c70-2415fc183d11,CONTAINER_SCAN,,T2,2026-05-29T17:51:52.972953,,16.66
1224,MAERSK_NEXUS,ship,6abba902-4d71-45e9-b9ca-d357383c4d80,SHIP_DEPARTURE,Shanghai,T4,2026-05-29T17:52:07.972953,,
,MEDWAY_778,train,dd4e0acb-70da-4071-892e-220d0f7fc6d4,TRAIN_UNLOADING,,T3,2026-05-29T17:53:03.972953,30,
677,EVER_GLOBE,ship,ca1dcdd7-005f-46ab-ae81-ac06e88f6125,SHIP_DEPARTURE,Rotterdam,T2,2026-05-29T17:53:32.972953,,
1142,POSEIDON_X,ship,1b549d17-4445-4d29-9144-159d9089e033,SHIP_ARRIVAL,Singapore,T3,2026-05-29T17:54:40.972953,,
,CONT_410885,container,39f5ae66-36fd-4440-a81c-bc1f53e438ab,CONTAINER_LOAD,,T1,2026-05-29T17:54:42.972953,,5.23
1351,MAERSK_NEXUS,ship,decc25d2-6ad2-45b2-a49e-b4bf92322399,SHIP_DEPARTURE,Rotterdam,T1,2026-05-29T17:55:15.972953,,
,CONT_309199,container,a72c227c-681b-406e-87f3-baf7e5a3eb34,CONTAINER_LOAD,,T3,2026-05-29T17:55:34.972953,,20.45
388,POSEIDON_X,ship,2f853932-98fb-4d37-833c-21694ab42486,SHIP_ARRIVAL,Rotterdam,T4,2026-05-29T17:56:04.972953,,
1508,MSC_ATLAS,ship,3567677c-b2fa-4644-9cb2-4ca5234eef4f,SHIP_ARRIVAL,Hamburg,T1,2026-05-29T17:57:08.972953,,
,TAKARGO_991,train,cb32e491-475d-4bd5-a04a-32824090f769,TRAIN_UNLOADING,,T1,2026-05-29T17:57:30.972953,34,
,MEDWAY_778,train,754d7769-8464-42b3-ad4c-76f25de6c9a4,TRAIN_LOADING,,T2,2026-05-29T17:57:48.972953,33,
405,MSC_ATLAS,ship,6fd24758-ec77-41d5-ac96-1918899a1086,SHIP_ARRIVAL,Singapore,T3,2026-05-29T17:57:59.972953,,
,CP_4401,train,d75e496f-4c83-41fc-a304-c459cb78d095,TRAIN_UNLOADING,,T3,2026-05-29T17:59:11.972953,27,
221,MSC_ATLAS,ship,8525404c-2514-4737-81c7-1a55d54ffb85,SHIP_UNDOCKED,Rotterdam,T1,2026-05-29T18:00:25.972953,,
1565,POSEIDON_X,ship,91f9be8d-0174-4378-bd60-3adbb7e2f195,SHIP_DOCKED,Valencia,T3,2026-05-29T18:00:57.972953,,
,CONT_794202,container,0b82afaa-de7c-4688-a4a0-93fd56688df8,CONTAINER_UNLOAD,,T4,2026-05-29T18:01:09.972953,,13.68
,CP_4401,train,f5f1af14-be45-4dbe-ae22-503d18e8946f,TRAIN_DEPARTURE,,T3,2026-05-29T18:01:38.972953,16,
,CONT_621187,container,073682fe-dc84-4ff8-a94b-c8da846448d4,CONTAINER_TRANSFER,,T2,2026-05-29T18:01:49.972953,,13.4
,CONT_807346,container,230477df-08e3-4d60-95fc-c7a5d32f4543,CONTAINER_UNLOAD,,T2,2026-05-29T18:02:29.972953,,24.29
,CONT_406610,container,d32360d6-d976-481f-a24c-8902b3193a7e,CONTAINER_UNLOAD,,T1,2026-05-29T18:02:43.972953,,9.54
,CP_4401,train,b2afb0f7-07d1-492f-9664-a5cbee9262eb,TRAIN_DEPARTURE,,T2,2026-05-29T18:03:26.972953,39,
1149,MSC_ATLAS,ship,18e3e87b-f197-46b8-9015-576dee76a460,SHIP_DEPARTURE,Singapore,T4,2026-05-29T18:03:44.972953,,
,CP_4401,train,9f53922c-7843-490e-a1dc-1588417238fb,TRAIN_LOADING,,T2,2026-05-29T18:04:07.972953,38,
,MEDWAY_778,train,8e0d63e9-897b-4e31-b2ec-447bfb56b1e0,TRAIN_LOADING,,T1,2026-05-29T18:04:40.972953,39,
,CONT_999823,container,99058877-e1fd-4859-921c-723301fbfd6e,CONTAINER_SCAN,,T2,2026-05-29T18:05:01.972953,,14.73
612,POSEIDON_X,ship,ecf583c9-6b8f-4107-8d38-51a795712a90,SHIP_DOCKED,Valencia,T2,2026-05-29T18:05:57.972953,,
243,EVER_GLOBE,ship,1a6bf1e8-819b-4cf5-babd-4654f30f7cf2,SHIP_ARRIVAL,Rotterdam,T2,2026-05-29T18:06:53.972953,,
,CONT_366194,container,a23bdb62-e2a5-4de0-b82e-037f491b2863,CONTAINER_SCAN,,T1,2026-05-29T18:07:25.972953,,13.54
898,POSEIDON_X,ship,325971ca-18b1-4fc8-97a8-ebd94ee5e078,SHIP_DOCKED,Shanghai,T4,2026-05-29T18:10:00.972953,,
856,EVER_GLOBE,ship,2af1f8b4-9b0f-40f8-889d-6b6f9d7df702,SHIP_DOCKED,Valencia,T4,2026-05-29T18:10:58.972953,,
,CP_4401,train,0e4ec9dd-a7dd-4976-9f56-2a4d8b787efd,TRAIN_UNLOADING,,T1,2026-05-29T18:12:24.972953,22,
,CP_4401,train,9b29935b-5452-4f33-945e-3f0c305ae1ea,TRAIN_UNLOADING,,T1,2026-05-29T18:14:31.972953,32,
,MEDWAY_778,train,7361c3a7-f5c3-461f-868f-d83accbed59f,TRAIN_DEPARTURE,,T1,2026-05-29T18:14:31.972953,38,
292,MAERSK_NEXUS,ship,7388a4a1-045d-4a98-bf2f-ae4cfd7b3ebe,SHIP_DOCKED,Shanghai,T3,2026-05-29T18:14:55.972953,,
,MEDWAY_778,train,6ea85364-1676-44e6-8317-2e48980e22c1,TRAIN_LOADING,,T2,2026-05-29T18:17:13.972953,19,
,MEDWAY_778,train,ef1969e9-606e-4585-b082-e30c864308fe,TRAIN_ARRIVAL,,T1,2026-05-29T18:17:16.972953,17,
,CONT_182647,container,6c9d9b0e-17df-41e7-836c-dec89e7370c0,CONTAINER_SCAN,,T3,2026-05-29T18:17:39.972953,,29.66
,CONT_506726,container,1083d1e3-2ad5-45b8-b8be-1db5f0e03a7f,CONTAINER_LOAD,,T4,2026-05-29T18:21:22.972953,,5.82
,CONT_669741,container,d6490fb8-cc9c-4966-a9ef-92963a01c241,CONTAINER_TRANSFER,,T2,2026-05-29T18:21:54.972953,,25.22
1260,MAERSK_NEXUS,ship,3b62af4b-9b1b-4690-84ad-dfc5480fb535,SHIP_ARRIVAL,Rotterdam,T4,2026-05-29T18:22:45.972953,,
,CONT_486329,container,bcf398bf-2f7f-4ce7-b815-6825de800983,CONTAINER_UNLOAD,,T1,2026-05-29T18:22:46.972953,,12.62
,TAKARGO_991,train,77ed7c6e-512d-40de-9631-276eadafd498,TRAIN_DEPARTURE,,T1,2026-05-29T18:22:47.972953,37,
,CONT_261242,container,1639e83b-b1fb-40ba-a4d6-f2bb88b196a9,CONTAINER_TRANSFER,,T4,2026-05-29T18:24:48.972953,,28.58
359,EVER_GLOBE,ship,d3325b63-ef53-4b50-8e5c-eb57a2c1f9fa,SHIP_DOCKED,Singapore,T3,2026-05-29T18:25:07.972953,,
,MEDWAY_778,train,968ad7f8-29e9-4471-9608-cc3b00b05bd7,TRAIN_UNLOADING,,T1,2026-05-29T18:25:31.972953,11,
,CONT_652381,container,bb17a7f0-1743-4a81-96ad-af152630cc2a,CONTAINER_LOAD,,T4,2026-05-29T18:25:40.972953,,14.8
,CONT_490809,container,a974e915-dcb1-4950-aa14-2ac278dad49d,CONTAINER_TRANSFER,,T1,2026-05-29T18:25:49.972953,,18.6
,TAKARGO_991,train,fd7cdd84-f4b5-4ecb-8a90-24522f61bca6,TRAIN_ARRIVAL,,T1,2026-05-29T18:26:29.972953,35,
,CP_4401,train,6b4cd46f-c771-4ce4-8dc7-9d569d7f048d,TRAIN_DEPARTURE,,T3,2026-05-29T18:26:45.972953,21,
,CONT_211152,container,a0438d9c-6fbe-4c33-bb15-960c03ccd5b9,CONTAINER_LOAD,,T4,2026-05-29T18:27:17.972953,,5.64
,MEDWAY_778,train,a0e6a075-5cd9-4912-b0a5-0524db2544fc,TRAIN_ARRIVAL,,T3,2026-05-29T18:27:23.972953,34,
,CONT_233282,container,f39121cd-1cae-437b-9bd6-79f280edf4c1,CONTAINER_UNLOAD,,T2,2026-05-29T18:28:31.972953,,19.74
740,MAERSK_NEXUS,ship,7e90aa75-8f7c-42f6-a18f-2f23539f392c,SHIP_DEPARTURE,Rotterdam,T1,2026-05-29T18:29:07.972953,,
1607,MSC_ATLAS,ship,3330287b-758d-4fb1-9b52-3ab5c2011c84,SHIP_DOCKED,Shanghai,T3,2026-05-29T18:29:15.972953,,
1332,POSEIDON_X,ship,829bc9f8-4bec-4cf9-9dd0-cb3dcdcb271f,SHIP_UNDOCKED,Valencia,T2,2026-05-29T18:29:57.972953,,
227,EVER_GLOBE,ship,8a001235-6778-4e06-a37c-a92faffc1481,SHIP_DOCKED,Singapore,T1,2026-05-29T18:30:39.972953,,
857,EVER_GLOBE,ship,58828b7e-3f8a-4667-9cd5-31d8a1c7d131,SHIP_DEPARTURE,Valencia,T4,2026-05-29T18:30:54.972953,,
,MEDWAY_778,train,d8b17612-b500-4b89-a989-93ed8ba4f452,TRAIN_DEPARTURE,,T4,2026-05-29T18:31:31.972953,36,
1608,MAERSK_NEXUS,ship,6a4b6103-6cd6-4c39-963d-789be8dcc27c,SHIP_DEPARTURE,Hamburg,T3,2026-05-29T18:32:51.972953,,
,CP_4401,train,3b1ca572-4a5c-4146-be05-86ee0b7493d7,TRAIN_UNLOADING,,T1,2026-05-29T18:33:35.972953,32,
265,MSC_ATLAS,ship,4a4c4bb9-0e3c-4aa1-bdda-7cb877acd16d,SHIP_UNDOCKED,Singapore,T2,2026-05-29T18:33:50.972953,,
,TAKARGO_991,train,4774c636-a294-462a-8bce-c02846e4f279,TRAIN_UNLOADING,,T2,2026-05-29T18:35:04.972953,22,
,CONT_955198,container,b62eb471-9cbb-4a2b-9f89-bef903ec2b12,CONTAINER_SCAN,,T4,2026-05-29T18:35:36.972953,,21.81
,CP_4401,train,17eb77c9-73b4-4cda-975c-87cbe2e721e6,TRAIN_DEPARTURE,,T3,2026-05-29T18:36:31.972953,25,
829,POSEIDON_X,ship,8366e46c-7866-46e0-8459-7f3b73957968,SHIP_DOCKED,Shanghai,T2,2026-05-29T18:36:50.972953,,
333,POSEIDON_X,ship,f7180849-8a3c-401a-8420-c9bee49a49cf,SHIP_ARRIVAL,Singapore,T3,2026-05-29T18:37:15.972953,,
,TAKARGO_991,train,d6fd8846-3d47-401a-b5fd-7ef85638955d,TRAIN_DEPARTURE,,T4,2026-05-29T18:39:39.972953,17,
,MEDWAY_778,train,45766fb7-f018-4818-aadc-2cf9d684cd2b,TRAIN_LOADING,,T3,2026-05-29T18:40:06.972953,16,
,CP_4401,train,7e121dbf-a8c4-4a9e-86ee-91bac1d3ec11,TRAIN_DEPARTURE,,T4,2026-05-29T18:40:59.972953,14,
,CONT_326830,container,5854abda-cde5-4e2d-845d-e538d054915d,CONTAINER_TRANSFER,,T4,2026-05-29T18:42:27.972953,,15.18
,CP_4401,train,afb2a641-497a-488b-864e-c34397876255,TRAIN_ARRIVAL,,T4,2026-05-29T18:42:44.972953,24,
,MEDWAY_778,train,42cf26f8-3f64-4c9d-8ac8-1955bb56af71,TRAIN_LOADING,,T2,2026-05-29T18:42:57.972953,37,
355,POSEIDON_X,ship,386eb628-e921-4016-9618-b68371529a94,SHIP_DEPARTURE,Shanghai,T1,2026-05-29T18:43:23.972953,,
,MEDWAY_778,train,b7463bf3-5cc3-44cd-aee2-7db768ea4262,TRAIN_LOADING,,T1,2026-05-29T18:44:08.972953,36,
,MEDWAY_778,train,d3aa926c-79eb-4e0d-9f01-c1ffe7c6e256,TRAIN_DEPARTURE,,T3,2026-05-29T18:44:14.972953,32,
,CONT_637479,container,f30ef164-59e1-4f37-9bf9-eeba1f02bc9e,CONTAINER_TRANSFER,,T3,2026-05-29T18:44:29.972953,,10.21
,TAKARGO_991,train,4e3e977b-a359-4e19-8949-c9e5d1222840,TRAIN_ARRIVAL,,T3,2026-05-29T18:44:33.972953,18,
,CONT_303542,container,55ffc6f2-06d6-443a-88d2-8d6643189343,CONTAINER_TRANSFER,,T1,2026-05-29T18:44:57.972953,,7.87
,CONT_747906,container,e8384f13-ac9c-45bb-a38f-4ff315333463,CONTAINER_LOAD,,T1,2026-05-29T18:46:43.972953,,6.01
1851,EVER_GLOBE,ship,564eaaf0-33cf-4dba-a916-3de796bbab6b,SHIP_DOCKED,Singapore,T1,2026-05-29T18:47:07.972953,,
897,EVER_GLOBE,ship,476827f0-852e-4440-a4a9-95a0ec5e890b,SHIP_UNDOCKED,Valencia,T2,2026-05-29T18:47:31.972953,,
1239,MAERSK_NEXUS,ship,246dca83-00c2-4d3e-b484-068ccf3e54b0,SHIP_DOCKED,Singapore,T1,2026-05-29T18:48:23.972953,,
122,EVER_GLOBE,ship,ba1c6bd7-645f-4de1-81e4-5949d1b11e11,SHIP_UNDOCKED,Singapore,T3,2026-05-29T18:48:48.972953,,
,MEDWAY_778,train,097b9a30-f7cf-4f5f-b1e3-f5fb10d4e5ca,TRAIN_DEPARTURE,,T2,2026-05-29T18:49:10.972953,37,
,CONT_799767,container,59f28f0d-7f8e-4264-bf3c-f0c7f90b4478,CONTAINER_SCAN,,T1,2026-05-29T18:49:14.972953,,22.23
,TAKARGO_991,train,e65064fd-3dfb-4a4f-8b91-106b5c07aa7d,TRAIN_LOADING,,T2,2026-05-29T18:49:18.972953,34,
1748,MAERSK_NEXUS,ship,7920c203-c381-47a8-ac5d-4426a55a81a7,SHIP_UNDOCKED,Shanghai,T3,2026-05-29T18:52:27.972953,,
700,MAERSK_NEXUS,ship,12ba9c26-a913-4d5d-a8a7-e58db9ba77d2,SHIP_UNDOCKED,Rotterdam,T3,2026-05-29T18:53:09.972953,,
,MEDWAY_778,train,54c67b38-0fbf-4d4f-bec7-830c87354e4d,TRAIN_LOADING,,T2,2026-05-29T18:53:22.972953,31,
,CP_4401,train,950c86ff-6269-42da-ae0b-6defc5e7a334,TRAIN_UNLOADING,,T1,2026-05-29T18:53:49.972953,36,
1821,POSEIDON_X,ship,e25e736f-e28a-4789-b157-1019e43a681b,SHIP_DEPARTURE,Singapore,T3,2026-05-29T18:53:49.972953,,
,CONT_320844,container,ff1489af-2ec8-4f5e-80c0-fee42fc950ff,CONTAINER_TRANSFER,,T3,2026-05-29T18:54:32.972953,,22.85
,CONT_407012,container,0a033875-4a1e-441e-9ae7-a96bcc14af02,CONTAINER_UNLOAD,,T1,2026-05-29T18:54:44.972953,,18.62
,CONT_479232,container,f76a5a7b-04ae-4287-95c0-f552642c7d74,CONTAINER_LOAD,,T3,2026-05-29T18:55:52.972953,,14.56
,MEDWAY_778,train,6cd0bd1f-e891-46e4-9974-e0a180acc8f6,TRAIN_DEPARTURE,,T4,2026-05-29T18:55:56.972953,14,
445,MAERSK_NEXUS,ship,e477005a-e12d-4350-b133-38791d7dccd8,SHIP_DOCKED,Shanghai,T2,2026-05-29T18:58:19.972953,,
,CONT_745494,container,850c50fd-e2b1-4bdb-a2ee-4873556d6ffb,CONTAINER_SCAN,,T2,2026-05-29T18:58:20.972953,,6.76
,CONT_638093,container,6f0f9387-d26b-42fd-a484-578b67a6982c,CONTAINER_UNLOAD,,T4,2026-05-29T18:58:34.972953,,14.99
,CONT_599472,container,01e5b3e6-436c-4630-b6ab-4f916790f76a,CONTAINER_TRANSFER,,T4,2026-05-29T18:58:49.972953,,14.85
,CONT_211459,container,a6265fe0-7dec-4b58-bc53-775dc1c107a2,CONTAINER_LOAD,,T4,2026-05-29T18:59:09.972953,,21.87
,CP_4401,train,79bd4e60-e898-4454-a137-35eff7622d60,TRAIN_DEPARTURE,,T4,2026-05-29T18:59:54.972953,21,
,MEDWAY_778,train,6114b1c0-1039-4eee-9a40-d54c4e54ccd5,TRAIN_DEPARTURE,,T4,2026-05-29T19:00:23.972953,27,
,CONT_249412,container,c2d142f2-f9ae-4dce-b9a9-77414e30307e,CONTAINER_LOAD,,T2,2026-05-29T19:03:40.972953,,26.54
,CONT_148064,container,caa1876c-2d31-4411-85a7-7e5b3e472584,CONTAINER_UNLOAD,,T1,2026-05-29T19:04:17.972953,,15.52
666,MAERSK_NEXUS,ship,1d96c214-0c2f-4275-b7a6-291169896db1,SHIP_UNDOCKED,Hamburg,T4,2026-05-29T19:05:11.972953,,
686,MAERSK_NEXUS,ship,1533baf5-3352-4c3f-8e8f-c488c950afe1,SHIP_DEPARTURE,Rotterdam,T1,2026-05-29T19:05:23.972953,,
,CONT_112810,container,a807b2ad-c5db-464f-aa7e-d48708ee633b,CONTAINER_SCAN,,T2,2026-05-29T19:06:07.972953,,25.62
1305,MAERSK_NEXUS,ship,27eda149-3b12-4ae8-b75c-6a36c5456266,SHIP_UNDOCKED,Singapore,T1,2026-05-29T19:06:17.972953,,
812,MSC_ATLAS,ship,b0248bc7-830c-4c48-8f48-e12b4d66e9b5,SHIP_DEPARTURE,Rotterdam,T1,2026-05-29T19:06:21.972953,,
,CONT_449977,container,21e92cd2-52db-4518-8dfd-af5481d8b9b2,CONTAINER_TRANSFER,,T1,2026-05-29T19:06:37.972953,,9.03
1617,MSC_ATLAS,ship,f336e79a-79b6-49bd-838d-eea587f2635f,SHIP_DEPARTURE,Rotterdam,T4,2026-05-29T19:06:42.972953,,
1421,MAERSK_NEXUS,ship,ddcd0d21-64f4-494e-94eb-e019f16c925c,SHIP_ARRIVAL,Rotterdam,T3,2026-05-29T19:07:23.972953,,
,TAKARGO_991,train,90d53407-e309-44dd-aa5e-b559d94da7ab,TRAIN_UNLOADING,,T4,2026-05-29T19:08:08.972953,33,
,CP_4401,train,44a6f33e-a4ea-4bb4-9e2a-397e03c9ca03,TRAIN_UNLOADING,,T3,2026-05-29T19:08:31.972953,33,
,MEDWAY_778,train,0428cb13-f2e5-402d-a372-5cf947109091,TRAIN_ARRIVAL,,T3,2026-05-29T19:09:37.972953,20,
,MEDWAY_778,train,b1f80b24-e765-446f-beba-43212aaabd9c,TRAIN_UNLOADING,,T1,2026-05-29T19:10:30.972953,27,
,TAKARGO_991,train,8c016023-a390-4451-bb7b-871941f0d367,TRAIN_LOADING,,T1,2026-05-29T19:12:03.972953,21,
,CONT_974760,container,53eb3067-5e6e-4b60-a930-fa522265dfce,CONTAINER_UNLOAD,,T1,2026-05-29T19:13:09.972953,,15.12
,TAKARGO_991,train,ac382eb3-b4c0-4a32-abb9-ae6357a33b14,TRAIN_ARRIVAL,,T1,2026-05-29T19:13:34.972953,17,
,CONT_191084,container,27c78572-8d89-4b01-bf4b-1fbcd3cded41,CONTAINER_SCAN,,T1,2026-05-29T19:14:00.972953,,7.22
718,EVER_GLOBE,ship,37a0acae-6d12-4bd3-abe7-280ddf116545,SHIP_DEPARTURE,Hamburg,T4,2026-05-29T19:14:40.972953,,
,CP_4401,train,ff5f8c43-5474-45d5-b7ce-77055db531d8,TRAIN_UNLOADING,,T4,2026-05-29T19:16:02.972953,11,
961,POSEIDON_X,ship,564ea4b7-484a-4210-91a1-77b96a37857d,SHIP_UNDOCKED,Hamburg,T3,2026-05-29T19:17:02.972953,,
1137,POSEIDON_X,ship,3e00cfbf-00e4-4be2-8edc-dcfc70bb1f52,SHIP_DEPARTURE,Rotterdam,T4,2026-05-29T19:17:09.972953,,
,CONT_448112,container,0be8536d-d376-47df-80b7-0d2fea17fe13,CONTAINER_TRANSFER,,T1,2026-05-29T19:18:40.972953,,20.29
,CP_4401,train,8c95ef5c-c94a-4800-8549-10d9e06533ca,TRAIN_DEPARTURE,,T2,2026-05-29T19:18:49.972953,30,
,TAKARGO_991,train,c32156b8-9b51-4ff1-bd1b-9776f57dfdc2,TRAIN_UNLOADING,,T1,2026-05-29T19:20:21.972953,21,
,TAKARGO_991,train,b00f3472-fd8f-4648-9916-3470238afcb5,TRAIN_DEPARTURE,,T4,2026-05-29T19:20:39.972953,17,
,CONT_411292,container,91ce55c4-5649-4826-bf73-fce977b50d0e,CONTAINER_SCAN,,T1,2026-05-29T19:20:40.972953,,10.45
1642,MSC_ATLAS,ship,5600aa2d-1601-4e88-9763-2931126811f0,SHIP_UNDOCKED,Singapore,T2,2026-05-29T19:21:12.972953,,
1040,MSC_ATLAS,ship,8bafe2aa-249a-4f85-8674-7213cb519dcb,SHIP_UNDOCKED,Rotterdam,T2,2026-05-29T19:21:50.972953,,
,CONT_590524,container,bc38afda-5e2a-45fd-a60e-1151afae26d1,CONTAINER_UNLOAD,,T3,2026-05-29T19:22:35.972953,,11.8
,TAKARGO_991,train,1ee90b50-5172-4564-8524-12cf670ebe56,TRAIN_DEPARTURE,,T1,2026-05-29T19:23:13.972953,40,
,CONT_812032,container,87b71b3b-3534-474f-bcf4-665d894fdc61,CONTAINER_LOAD,,T1,2026-05-29T19:25:17.972953,,6.65
1084,EVER_GLOBE,ship,31c5f15e-f2f0-46c4-97e3-4e72618e81ab,SHIP_UNDOCKED,Valencia,T1,2026-05-29T19:25:29.972953,,
,TAKARGO_991,train,69ac811c-5fea-4d1a-aefb-9a2892d336d4,TRAIN_ARRIVAL,,T4,2026-05-29T19:25:50.972953,39,
,TAKARGO_991,train,0e6ae654-6c14-4928-8eca-795fa71d376f,TRAIN_ARRIVAL,,T1,2026-05-29T19:26:32.972953,20,
,TAKARGO_991,train,5af92625-b034-41f8-beb6-3eeae4ea0362,TRAIN_UNLOADING,,T1,2026-05-29T19:26:51.972953,26,
1075,MAERSK_NEXUS,ship,2469e8c0-43d0-40d1-b359-92ea6521698a,SHIP_UNDOCKED,Shanghai,T2,2026-05-29T19:26:56.972953,,
,CONT_137578,container,34736b44-a65e-4759-80be-f5034f49beb5,CONTAINER_UNLOAD,,T3,2026-05-29T19:27:10.972953,,11.46
1639,MSC_ATLAS,ship,9014be47-f179-4058-828e-d8523a8e20fb,SHIP_ARRIVAL,Valencia,T4,2026-05-29T19:27:26.972953,,
,MEDWAY_778,train,72e76060-31f2-4623-b8fa-1a9c5119b980,TRAIN_ARRIVAL,,T3,2026-05-29T19:28:00.972953,23,
,CONT_333717,container,e9299cb4-3be1-4318-a326-1a46983dfabf,CONTAINER_TRANSFER,,T3,2026-05-29T19:30:02.972953,,20.33
,CONT_644818,container,402cce39-f935-4642-8ca6-999ea79b83d5,CONTAINER_UNLOAD,,T3,2026-05-29T19:30:27.972953,,26.76
,TAKARGO_991,train,1951c7d6-7071-4a52-ba7d-dd9d25d2b94f,TRAIN_ARRIVAL,,T2,2026-05-29T19:31:15.972953,37,
,MEDWAY_778,train,d6cf40cb-8cf6-4a28-9163-0106779e4689,TRAIN_LOADING,,T4,2026-05-29T19:31:34.972953,34,
,MEDWAY_778,train,9ec07439-726a-4683-b779-61b7d2f3aae0,TRAIN_ARRIVAL,,T1,2026-05-29T19:31:52.972953,22,
755,POSEIDON_X,ship,be22178d-0e72-4ae8-a36d-8a1c694c38d0,SHIP_DOCKED,Shanghai,T3,2026-05-29T19:33:37.972953,,
,CONT_793796,container,85929b44-0eba-4b55-afb0-c5099db69fad,CONTAINER_TRANSFER,,T4,2026-05-29T19:33:40.972953,,22.14
319,EVER_GLOBE,ship,a7bdbd8d-a1aa-4fa0-ae2a-b218ec441564,SHIP_UNDOCKED,Hamburg,T1,2026-05-29T19:33:40.972953,,
,CP_4401,train,eda4d2ff-b8fa-4f5a-be98-acae5da70380,TRAIN_UNLOADING,,T2,2026-05-29T19:35:11.972953,11,
1022,POSEIDON_X,ship,992b1480-eace-4864-9847-ee9f5cc2d5ff,SHIP_DOCKED,Rotterdam,T3,2026-05-29T19:36:42.972953,,
,CP_4401,train,c46eeab6-3f9e-45f9-a913-ff66380d1696,TRAIN_DEPARTURE,,T1,2026-05-29T19:37:29.972953,15,
720,POSEIDON_X,ship,165f2673-5f6d-477d-b0f4-259d4e8027b5,SHIP_DEPARTURE,Hamburg,T3,2026-05-29T19:39:21.972953,,
,TAKARGO_991,train,7ed8cfa9-d0f0-482a-a318-103fdc321fb6,TRAIN_UNLOADING,,T3,2026-05-29T19:39:26.972953,13,
,MEDWAY_778,train,7ad62be4-04c2-4a1d-939f-4f553e8c3cd6,TRAIN_UNLOADING,,T4,2026-05-29T19:39:27.972953,37,
,CONT_933532,container,da72efa3-71fa-429b-a6f9-0bcb452da2d4,CONTAINER_LOAD,,T4,2026-05-29T19:40:13.972953,,9.63
237,MAERSK_NEXUS,ship,291a5247-a16f-49d0-8189-7efb9d22a9cb,SHIP_ARRIVAL,Singapore,T2,2026-05-29T19:42:19.972953,,
,CONT_950930,container,0a709fa2-6772-446f-ac0a-9dad780e86f5,CONTAINER_TRANSFER,,T3,2026-05-29T19:42:39.972953,,24.32
,CONT_115847,container,f1d747cd-77fe-41ce-9afc-32136e71980b,CONTAINER_LOAD,,T3,2026-05-29T19:43:18.972953,,16.3
,CONT_121763,container,979eb64e-4306-457b-91aa-617d03b4ffa4,CONTAINER_LOAD,,T3,2026-05-29T19:43:38.972953,,21.53
457,POSEIDON_X,ship,96d914ea-8898-488b-9900-765b6c2c825d,SHIP_DOCKED,Shanghai,T4,2026-05-29T19:45:15.972953,,
,CP_4401,train,5e417923-6d29-428e-baa7-5235c78dc0ba,TRAIN_DEPARTURE,,T2,2026-05-29T19:45:22.972953,13,
,CONT_928557,container,3176a032-c041-4c3c-804d-f1ca083a3292,CONTAINER_SCAN,,T4,2026-05-29T19:45:29.972953,,13.15
,CONT_145373,container,08e9607c-9335-4248-826f-f9ac84f5fdd7,CONTAINER_UNLOAD,,T4,2026-05-29T19:46:24.972953,,24.38
,CONT_249708,container,2cc7a34f-97d5-492b-9709-b3dbe37154a8,CONTAINER_UNLOAD,,T4,2026-05-29T19:47:16.972953,,9.89
,TAKARGO_991,train,eeef5449-a11a-49db-841b-db981d6f6657,TRAIN_ARRIVAL,,T1,2026-05-29T19:47:45.972953,38,
,CP_4401,train,1a79b71e-76d8-4c90-846a-14a227d66133,TRAIN_LOADING,,T3,2026-05-29T19:48:02.972953,11,
,TAKARGO_991,train,94d8cc3f-0157-4cad-b6ff-09c9ef3bf4ed,TRAIN_UNLOADING,,T3,2026-05-29T19:49:08.972953,34,
,CONT_821428,container,563378af-09f1-4579-bb4d-02b611b90982,CONTAINER_TRANSFER,,T1,2026-05-29T19:50:09.972953,,11.94
,CONT_358866,container,2f4293ac-5ed8-4a67-aebe-7a44d515013e,CONTAINER_LOAD,,T1,2026-05-29T19:50:10.972953,,22.33
,CP_4401,train,fe831206-a95a-4e12-bd75-bcd82c1f5cdf,TRAIN_UNLOADING,,T3,2026-05-29T19:50:26.972953,20,
,MEDWAY_778,train,483fb413-c1af-4bb5-9d74-c825352da4d0,TRAIN_ARRIVAL,,T4,2026-05-29T19:50:56.972953,27,
1141,MAERSK_NEXUS,ship,1b282741-2a8b-4786-9762-e09d9794c06e,SHIP_ARRIVAL,Shanghai,T1,2026-05-29T19:51:53.972953,,
,MEDWAY_778,train,d453c779-4ae3-472f-ba2f-c9698b4a4cba,TRAIN_UNLOADING,,T3,2026-05-29T19:51:59.972953,37,
,CONT_926110,container,09375256-ca38-4d41-81a4-6495309a5063,CONTAINER_TRANSFER,,T1,2026-05-29T19:52:14.972953,,27.25
,TAKARGO_991,train,143504b6-2800-4852-bf41-f3de6f167b33,TRAIN_ARRIVAL,,T2,2026-05-29T19:53:09.972953,35,
,CONT_687279,container,29066f6a-359f-48e2-9c37-eee8395b5847,CONTAINER_UNLOAD,,T1,2026-05-29T19:53:29.972953,,6.33
,CONT_890021,container,c69988a8-57d8-483a-8642-bb6f69f1f42a,CONTAINER_SCAN,,T1,2026-05-29T19:55:25.972953,,26.41
,CP_4401,train,adde8a66-c5d8-4677-90c5-98ca686a75c5,TRAIN_DEPARTURE,,T1,2026-05-29T19:55:50.972953,32,
1609,MAERSK_NEXUS,ship,b7942d9c-fba9-4e7a-b6fb-b500f2ffa747,SHIP_DEPARTURE,Rotterdam,T1,2026-05-29T19:56:05.972953,,
,CONT_304902,container,9a86cade-b7a1-413a-918f-008a7c02a110,CONTAINER_SCAN,,T4,2026-05-29T19:56:10.972953,,8.41
247,MAERSK_NEXUS,ship,be014926-de67-4006-a942-4d66a931f991,SHIP_ARRIVAL,Hamburg,T3,2026-05-29T19:56:21.972953,,
,TAKARGO_991,train,309705a1-115f-44a4-a49b-db68b17f8aba,TRAIN_ARRIVAL,,T3,2026-05-29T19:57:22.972953,20,
,CONT_694744,container,81d89e3a-0775-44e4-b05a-67ed31f6d513,CONTAINER_SCAN,,T1,2026-05-29T19:57:28.972953,,15.31
1426,MAERSK_NEXUS,ship,6be95b20-08b7-4256-b24e-c41f2aa87212,SHIP_UNDOCKED,Singapore,T4,2026-05-29T19:58:14.972953,,
666,EVER_GLOBE,ship,c2fe2805-01a4-4add-9c79-42d884cd25e0,SHIP_DEPARTURE,Hamburg,T2,2026-05-29T19:58:46.972953,,
,TAKARGO_991,train,81b942e6-9a3b-4ccf-a561-3b060a86139a,TRAIN_UNLOADING,,T3,2026-05-29T19:59:52.972953,20,
,CONT_484218,container,02ce7cdc-cfe5-4af1-8b98-87896bf7be0a,CONTAINER_SCAN,,T2,2026-05-29T20:01:24.972953,,21.09
,CONT_252145,container,4703f555-42c1-466c-b559-8d745099088a,CONTAINER_SCAN,,T1,2026-05-29T20:02:10.972953,,8.42
1088,EVER_GLOBE,ship,411680ea-22b5-4b40-b69f-d6ba9d213a3f,SHIP_ARRIVAL,Hamburg,T3,2026-05-29T20:02:23.972953,,
,TAKARGO_991,train,66346127-45ed-417a-b60a-fddc62b0e253,TRAIN_LOADING,,T1,2026-05-29T20:03:36.972953,30,
437,MAERSK_NEXUS,ship,6dba6181-4ed6-407b-82e4-79d7a7ef08a0,SHIP_UNDOCKED,Shanghai,T4,2026-05-29T20:03:45.972953,,
,CONT_836652,container,d528d6ec-1fee-4d17-a9ff-54aee0423822,CONTAINER_LOAD,,T4,2026-05-29T20:03:54.972953,,6.07
,CONT_279118,container,fec75e00-e513-4dcb-abee-14a6f2145a1b,CONTAINER_LOAD,,T1,2026-05-29T20:04:28.972953,,20.45
,TAKARGO_991,train,9c047fad-af07-44cc-95fe-93496adcc5d8,TRAIN_UNLOADING,,T3,2026-05-29T20:05:43.972953,26,
,CP_4401,train,1eb90f0a-5ee9-44d8-a60f-d0577b922ad1,TRAIN_LOADING,,T1,2026-05-29T20:06:01.972953,25,
,TAKARGO_991,train,f0d430a2-dad0-4526-b5ac-34bdafa1192e,TRAIN_LOADING,,T1,2026-05-29T20:07:51.972953,24,
,TAKARGO_991,train,ee859afb-2e3b-47fa-aa0f-f2d9732ff253,TRAIN_DEPARTURE,,T2,2026-05-29T20:08:24.972953,26,
921,MSC_ATLAS,ship,8dd05e11-e11f-4752-8dbb-35106ef2ff8a,SHIP_ARRIVAL,Singapore,T4,2026-05-29T20:09:06.972953,,
,CONT_381100,container,718c9b46-6fc1-4fc9-a334-193145d4be6b,CONTAINER_UNLOAD,,T3,2026-05-29T20:09:28.972953,,7.68
971,EVER_GLOBE,ship,5caf4e93-26fd-40b3-8445-f2e89cf4c988,SHIP_DOCKED,Valencia,T4,2026-05-29T20:09:31.972953,,
,CP_4401,train,bbfe1165-6c92-48a0-a7d4-892bf43106be,TRAIN_ARRIVAL,,T1,2026-05-29T20:09:46.972953,15,
,TAKARGO_991,train,a3e0289e-8040-416e-a678-25ab68eb6dc8,TRAIN_UNLOADING,,T2,2026-05-29T20:10:24.972953,20,
364,EVER_GLOBE,ship,6aa329d0-2070-46be-825e-130b04bafe9c,SHIP_DEPARTURE,Hamburg,T3,2026-05-29T20:10:26.972953,,
1700,MSC_ATLAS,ship,18200db1-13be-4064-9d2e-f067975c8805,SHIP_ARRIVAL,Shanghai,T3,2026-05-29T20:12:08.972953,,
1340,MAERSK_NEXUS,ship,51c51a10-30c5-4344-b271-2a8415bd6614,SHIP_DOCKED,Singapore,T3,2026-05-29T20:13:24.972953,,
,CONT_598898,container,02617618-7968-412f-a6bc-231998ad8cd9,CONTAINER_SCAN,,T3,2026-05-29T20:14:15.972953,,25.57
,CONT_878487,container,8ab47158-44be-4802-a035-88a2513029c4,CONTAINER_SCAN,,T2,2026-05-29T20:14:26.972953,,8.52
,CP_4401,train,b59d5fe2-e212-474e-bfda-db1cd451e557,TRAIN_ARRIVAL,,T1,2026-05-29T20:14:49.972953,25,
,CONT_806733,container,867f49cf-e2ef-4901-8374-cf9ba3015d48,CONTAINER_UNLOAD,,T2,2026-05-29T20:14:59.972953,,7.83
269,EVER_GLOBE,ship,88a39b4c-b448-47bf-9764-6c526c0d9218,SHIP_DOCKED,Shanghai,T2,2026-05-29T20:15:20.972953,,
,CONT_255939,container,af0d7a15-a926-44d5-8f8b-4b3ad2e8b9bb,CONTAINER_TRANSFER,,T4,2026-05-29T20:16:46.972953,,26.69
,MEDWAY_778,train,e16ec171-af45-49a7-a8fd-acb874b0baba,TRAIN_DEPARTURE,,T4,2026-05-29T20:18:17.972953,39,
1318,MSC_ATLAS,ship,593ee476-9c60-4024-b0e4-cff6ea5806d4,SHIP_UNDOCKED,Hamburg,T2,2026-05-29T20:19:16.972953,,
,CONT_976363,container,28f6e2af-ddd8-400d-bb6a-9c150b57d637,CONTAINER_TRANSFER,,T1,2026-05-29T20:19:54.972953,,23.48
,CONT_980179,container,7927ceda-7b36-47b2-bcfc-dc086f2f9e33,CONTAINER_UNLOAD,,T3,2026-05-29T20:21:09.972953,,12.14
472,MAERSK_NEXUS,ship,d0ce0ecf-178d-428c-ae16-9323cfef5a43,SHIP_UNDOCKED,Rotterdam,T3,2026-05-29T20:21:57.972953,,
,CONT_759460,container,ccf0a523-ed67-4e1a-a2c3-e756eaf42486,CONTAINER_TRANSFER,,T2,2026-05-29T20:22:32.972953,,5.99
,CONT_769912,container,5d6a9b9a-1e46-4145-b752-b7541c75a1f2,CONTAINER_SCAN,,T2,2026-05-29T20:22:57.972953,,10.35
,CP_4401,train,b10ec3bd-c6b6-41f1-ad02-b21edfdea5a7,TRAIN_UNLOADING,,T3,2026-05-29T20:24:08.972953,17,
,TAKARGO_991,train,f3c7b023-4e11-4060-b8ca-07d4a946cd26,TRAIN_ARRIVAL,,T1,2026-05-29T20:25:09.972953,14,
,CONT_676631,container,97d7cd9b-253b-4619-b280-02ed8f05d29d,CONTAINER_SCAN,,T1,2026-05-29T20:26:11.972953,,14.12
1761,EVER_GLOBE,ship,73c31f34-2e17-4ed9-80bd-f70c139b6d98,SHIP_DOCKED,Hamburg,T1,2026-05-29T20:26:43.972953,,
795,MAERSK_NEXUS,ship,f0e24896-affa-4cfd-9df0-c966c4387ff6,SHIP_ARRIVAL,Hamburg,T2,2026-05-29T20:27:25.972953,,
,CONT_163698,container,ff8ddd40-bb64-4f17-a255-ab061112f60f,CONTAINER_SCAN,,T2,2026-05-29T20:28:01.972953,,27.43
,CONT_341621,container,5ca82110-8fc8-4d98-8e3d-ff6c279f2481,CONTAINER_LOAD,,T4,2026-05-29T20:29:42.972953,,12.29
,CONT_944460,container,d5f78be7-db53-415c-a410-deb1a98c154c,CONTAINER_SCAN,,T1,2026-05-29T20:29:56.972953,,25.1
,CONT_840477,container,584a9bfc-f08b-42ef-b23f-293a72f77826,CONTAINER_TRANSFER,,T1,2026-05-29T20:30:16.972953,,20.2
,MEDWAY_778,train,79e79b69-7647-4aa6-9018-c02e6b7b1d31,TRAIN_UNLOADING,,T4,2026-05-29T20:31:55.972953,30,
1005,POSEIDON_X,ship,a63b8cbb-1dc0-497d-b925-544b10aa9bc8,SHIP_DOCKED,Hamburg,T4,2026-05-29T20:32:06.972953,,
772,MSC_ATLAS,ship,2c258830-cfff-48fd-bcda-830cb435b2bf,SHIP_ARRIVAL,Hamburg,T1,2026-05-29T20:32:17.972953,,
,CONT_984925,container,d3c69b91-fb53-4f12-a378-12d6e892e758,CONTAINER_TRANSFER,,T4,2026-05-29T20:34:16.972953,,20.63
,TAKARGO_991,train,7e0e7d84-add4-4632-b893-d5e9251f25aa,TRAIN_LOADING,,T4,2026-05-29T20:34:20.972953,18,
788,MAERSK_NEXUS,ship,d4005cf9-ea1f-449f-bc8a-789e266f066b,SHIP_DOCKED,Valencia,T3,2026-05-29T20:36:17.972953,,
,MEDWAY_778,train,681cfa2b-7460-4c41-9c0f-e099fb907539,TRAIN_ARRIVAL,,T3,2026-05-29T20:36:19.972953,25,
1374,MAERSK_NEXUS,ship,b94a21f8-54fc-49dc-9c8a-f1060c9faa22,SHIP_ARRIVAL,Shanghai,T3,2026-05-29T20:37:19.972953,,
,CONT_559738,container,4009e25a-d2c8-4cda-b1e6-90e7a2c35d5c,CONTAINER_TRANSFER,,T3,2026-05-29T20:38:53.972953,,13.5
,TAKARGO_991,train,10b630e6-b62b-4884-a0cd-9b63d7e4cd80,TRAIN_LOADING,,T1,2026-05-29T20:40:10.972953,34,
856,EVER_GLOBE,ship,81baf1a1-6049-4db9-8d92-7fbdfb61302e,SHIP_UNDOCKED,Rotterdam,T3,2026-05-29T20:41:19.972953,,
,CONT_424022,container,b505d72c-971c-4cae-9a5e-24cda0d4dc0b,CONTAINER_LOAD,,T4,2026-05-29T20:41:28.972953,,24.72
952,MAERSK_NEXUS,ship,bcb6f5b2-44c2-40c4-9ef6-90ea98fcaf88,SHIP_DOCKED,Rotterdam,T1,2026-05-29T20:41:48.972953,,
553,POSEIDON_X,ship,dd628098-a2eb-4915-997f-c212d23b28c4,SHIP_ARRIVAL,Rotterdam,T1,2026-05-29T20:41:56.972953,,
,CP_4401,train,3a994dad-7893-45e7-86d2-c9ef0d5cd845,TRAIN_ARRIVAL,,T1,2026-05-29T20:42:18.972953,40,
,CP_4401,train,0eca0d03-8561-4de3-8c7d-64320283df8e,TRAIN_ARRIVAL,,T3,2026-05-29T20:43:23.972953,22,
,MEDWAY_778,train,d2367552-04ac-4e00-8afb-1e26b5ebbc34,TRAIN_UNLOADING,,T2,2026-05-29T20:43:26.972953,16,
,CP_4401,train,5a450775-eac9-4131-8025-b1a8bc82e9ea,TRAIN_DEPARTURE,,T4,2026-05-29T20:44:10.972953,12,
952,MSC_ATLAS,ship,dc7ce3fc-6bfe-4b34-b6f8-838e587ff3dc,SHIP_UNDOCKED,Rotterdam,T2,2026-05-29T20:44:52.972953,,
,CP_4401,train,32c2e58f-3edb-49df-a3c4-6985a6ae9fb0,TRAIN_UNLOADING,,T2,2026-05-29T20:45:14.972953,34,
1486,MSC_ATLAS,ship,892d4608-a4b2-4104-af7d-5545d6770247,SHIP_UNDOCKED,Singapore,T4,2026-05-29T20:45:20.972953,,
1970,MSC_ATLAS,ship,74368cc2-8b22-40ca-8e0e-2722e7bf8a0c,SHIP_UNDOCKED,Shanghai,T1,2026-05-29T20:45:36.972953,,
,CONT_776658,container,cdd3ab62-d813-4901-a14e-efae8bf08f21,CONTAINER_TRANSFER,,T3,2026-05-29T20:45:48.972953,,14.25
,TAKARGO_991,train,fdf5b32c-3472-4045-af68-f2c45b8461ff,TRAIN_DEPARTURE,,T2,2026-05-29T20:46:02.972953,24,
1319,EVER_GLOBE,ship,cb820338-f971-4614-aebd-ba87b23ecefd,SHIP_DOCKED,Valencia,T2,2026-05-29T20:46:30.972953,,
440,POSEIDON_X,ship,918dc6c4-8b26-47c2-a5f2-9e637b6c7ccf,SHIP_DEPARTURE,Valencia,T2,2026-05-29T20:46:54.972953,,
1539,MSC_ATLAS,ship,b811c1f3-f557-44d7-9779-e1f1b15d17ff,SHIP_ARRIVAL,Valencia,T4,2026-05-29T20:47:08.972953,,
,CONT_309338,container,d26c14ab-c1db-4421-952b-60b4f4b0b287,CONTAINER_LOAD,,T1,2026-05-29T20:47:24.972953,,27.57
438,MSC_ATLAS,ship,264c3025-648c-42f1-8acf-82b58b57a0e5,SHIP_ARRIVAL,Hamburg,T1,2026-05-29T20:47:51.972953,,
,CONT_887858,container,0b0d3368-799f-44ae-aa5f-56a88ebcadd9,CONTAINER_SCAN,,T3,2026-05-29T20:47:54.972953,,17.88
,CP_4401,train,ecda0469-c775-42c3-9ae8-412d0fbd808c,TRAIN_DEPARTURE,,T3,2026-05-29T20:49:00.972953,34,
1648,EVER_GLOBE,ship,a287ad13-58a3-46ee-b4cd-49c3deab7274,SHIP_UNDOCKED,Rotterdam,T3,2026-05-29T20:50:28.972953,,
,CONT_497868,container,110680c7-8c48-45aa-92ab-436f99dc1c67,CONTAINER_UNLOAD,,T4,2026-05-29T20:51:09.972953,,21.68
1152,MAERSK_NEXUS,ship,694ac8e2-c0a3-4715-b78b-a00bb31b22e6,SHIP_UNDOCKED,Shanghai,T3,2026-05-29T20:51:50.972953,,
,TAKARGO_991,train,54f63e4f-92ec-4e1b-99d9-b934df7fc71a,TRAIN_ARRIVAL,,T2,2026-05-29T20:52:19.972953,34,
1049,POSEIDON_X,ship,6f6d5a7a-86a8-4232-839b-feb1806b4663,SHIP_DEPARTURE,Singapore,T3,2026-05-29T20:52:20.972953,,
1802,POSEIDON_X,ship,8238a5e6-fa25-4c0d-89cd-4366d9cd8de1,SHIP_ARRIVAL,Shanghai,T3,2026-05-29T20:52:23.972953,,
401,EVER_GLOBE,ship,eaa46e40-1e30-4a5b-9a72-d89537cd8e4f,SHIP_DOCKED,Shanghai,T2,2026-05-29T20:52:34.972953,,
,TAKARGO_991,train,e7d31eb1-ef5a-487e-b469-a85ccd593360,TRAIN_UNLOADING,,T3,2026-05-29T20:52:39.972953,40,
,MEDWAY_778,train,5bcd3104-b953-4dc6-899f-0429cf700d39,TRAIN_UNLOADING,,T2,2026-05-29T20:53:07.972953,40,
,MEDWAY_778,train,58579033-6b18-463c-983c-2e3878bd326a,TRAIN_LOADING,,T3,2026-05-29T20:53:56.972953,11,
,TAKARGO_991,train,d4da8d2b-2fea-4e0f-b2a0-dd1f7027d129,TRAIN_UNLOADING,,T3,2026-05-29T20:54:05.972953,13,
,CP_4401,train,82ffc28f-2532-4e4c-b0fa-5d0cb578b16b,TRAIN_LOADING,,T4,2026-05-29T20:54:46.972953,38,
,CONT_865566,container,bebd0db4-51aa-49e6-9f52-546926ff78fa,CONTAINER_UNLOAD,,T2,2026-05-29T20:54:48.972953,,29.14
,CONT_607792,container,fb2f509c-c4b9-43ef-b412-9c9e3e550dd7,CONTAINER_TRANSFER,,T4,2026-05-29T20:56:30.972953,,14.94
,MEDWAY_778,train,e3250924-0aff-4967-a58b-ce06f716f773,TRAIN_DEPARTURE,,T1,2026-05-29T20:57:03.972953,14,
,MEDWAY_778,train,6c091eaf-9e95-4edf-a4ee-2bf69cb5bb7a,TRAIN_LOADING,,T3,2026-05-29T20:57:30.972953,22,
,TAKARGO_991,train,52df17d0-14e7-448d-86bc-aa789a220049,TRAIN_ARRIVAL,,T4,2026-05-29T20:59:04.972953,39,
,CP_4401,train,17ca0264-48a4-43bf-8534-511717bf68f9,TRAIN_UNLOADING,,T2,2026-05-29T21:00:13.972953,25,
,CONT_950963,container,3d6b562e-563a-4487-9bb2-877241096f59,CONTAINER_SCAN,,T4,2026-05-29T21:00:19.972953,,28.24
,CONT_351894,container,1ce397af-5650-43a1-ba4c-f12690f35efa,CONTAINER_LOAD,,T2,2026-05-29T21:01:57.972953,,15.15
1144,POSEIDON_X,ship,61202ee5-ccb8-4002-ae52-b73a38698918,SHIP_ARRIVAL,Shanghai,T1,2026-05-29T21:03:20.972953,,
,MEDWAY_778,train,51b58de1-61e8-40d0-9936-b9f965d7e31b,TRAIN_DEPARTURE,,T2,2026-05-29T21:03:51.972953,35,
,CP_4401,train,549228cc-1a67-43bd-9e84-72dd4b67b4fc,TRAIN_UNLOADING,,T3,2026-05-29T21:04:53.972953,16,
,MEDWAY_778,train,d14af256-14a1-4e6f-9031-19d68e212e35,TRAIN_ARRIVAL,,T1,2026-05-29T21:05:45.972953,20,
,MEDWAY_778,train,9831cd08-98fb-4e62-837e-65e158971641,TRAIN_LOADING,,T3,2026-05-29T21:07:04.972953,17,
,CONT_650917,container,e9c4f5c7-fbe7-4215-be28-adcd54834ff5,CONTAINER_TRANSFER,,T1,2026-05-29T21:07:54.972953,,29.89
,CP_4401,train,49561714-f340-4a6d-8452-a514863df59e,TRAIN_ARRIVAL,,T1,2026-05-29T21:07:57.972953,15,
,CONT_759442,container,ef375076-8b7a-48ca-8c59-bd5477273bc7,CONTAINER_SCAN,,T4,2026-05-29T21:10:35.972953,,10.23
,TAKARGO_991,train,e613406b-b1a1-433d-be95-032f63a27459,TRAIN_ARRIVAL,,T4,2026-05-29T21:10:35.972953,11,
1412,POSEIDON_X,ship,c4d478bb-9313-44e2-bdc8-06cff366cb1e,SHIP_DEPARTURE,Shanghai,T3,2026-05-29T21:11:34.972953,,
,MEDWAY_778,train,aa67efe2-4f23-41e2-abe3-951698d9e21c,TRAIN_UNLOADING,,T3,2026-05-29T21:12:22.972953,13,
,CONT_282886,container,fc027085-53fa-4299-920d-daaf544436e8,CONTAINER_TRANSFER,,T1,2026-05-29T21:12:40.972953,,25.72
134,EVER_GLOBE,ship,241613b3-9e26-4585-8d13-e3a03864470c,SHIP_DEPARTURE,Shanghai,T1,2026-05-29T21:12:46.972953,,
,CONT_602854,container,2237f89c-7c5e-44bf-9f31-43ce879d9b79,CONTAINER_UNLOAD,,T4,2026-05-29T21:14:04.972953,,13.2
,TAKARGO_991,train,5a908a1a-672e-40b1-8cc8-4ef1db12c9aa,TRAIN_DEPARTURE,,T3,2026-05-29T21:14:20.972953,29,
,CONT_366066,container,f2d87506-408a-45d2-a017-4364d7de3c86,CONTAINER_UNLOAD,,T3,2026-05-29T21:14:28.972953,,8.48
,CONT_731743,container,90846fdf-c768-4a80-9048-6c024f3cdcec,CONTAINER_TRANSFER,,T2,2026-05-29T21:14:34.972953,,15.01
,MEDWAY_778,train,d548c1cd-19e3-4878-af8c-974db562147f,TRAIN_LOADING,,T3,2026-05-29T21:15:03.972953,29,
,CP_4401,train,83170f0e-f286-4aff-976c-db1a3a8edc4f,TRAIN_UNLOADING,,T4,2026-05-29T21:15:21.972953,28,
,TAKARGO_991,train,9c27ca73-88e6-484e-ae3d-b588d4bad4c2,TRAIN_DEPARTURE,,T2,2026-05-29T21:15:50.972953,13,
,TAKARGO_991,train,6f50644d-a77c-4021-9bdd-8d625ecb7793,TRAIN_ARRIVAL,,T3,2026-05-29T21:15:55.972953,24,
1409,MAERSK_NEXUS,ship,7d3de714-c275-47d0-b2a5-58e54f49f81c,SHIP_ARRIVAL,Valencia,T4,2026-05-29T21:16:16.972953,,
,CP_4401,train,b1ad35fd-46f1-487c-81a5-6c7d1a21a5ec,TRAIN_DEPARTURE,,T3,2026-05-29T21:16:37.972953,40,
1532,MAERSK_NEXUS,ship,64101d39-ff6e-4de9-b481-69db967c97cf,SHIP_ARRIVAL,Shanghai,T2,2026-05-29T21:17:02.972953,,
572,POSEIDON_X,ship,b5bc0c4c-f820-41b3-b0eb-65b96d72bdea,SHIP_DEPARTURE,Shanghai,T4,2026-05-29T21:18:03.972953,,
,CP_4401,train,a0b2fde6-556a-4ed1-a6a0-06a70022c44e,TRAIN_LOADING,,T1,2026-05-29T21:19:44.972953,27,
,TAKARGO_991,train,bd708d75-4e43-43a6-a711-1ff31ef45ae0,TRAIN_DEPARTURE,,T2,2026-05-29T21:20:48.972953,37,
,MEDWAY_778,train,d398f7e0-8aa5-42d3-8531-a68537c960d4,TRAIN_ARRIVAL,,T4,2026-05-29T21:20:54.972953,40,
,CONT_205193,container,76f46d4d-9075-40b3-856f-bc9cb0441ab5,CONTAINER_LOAD,,T4,2026-05-29T21:21:57.972953,,23.52
,MEDWAY_778,train,c90ca45e-88c2-4e56-b202-d1ff985cc42a,TRAIN_LOADING,,T1,2026-05-29T21:22:35.972953,38,
,MEDWAY_778,train,b8ebb298-59ee-4dd5-af9d-f4c732865c2a,TRAIN_DEPARTURE,,T2,2026-05-29T21:22:37.972953,34,
,CP_4401,train,fd91deeb-e989-4c03-bd87-d6a4a0a657e9,TRAIN_UNLOADING,,T4,2026-05-29T21:25:01.972953,27,
1127,MSC_ATLAS,ship,50fb01e4-d2c2-4cdc-89a2-0bf44d1764dd,SHIP_DEPARTURE,Hamburg,T2,2026-05-29T21:25:29.972953,,
727,MSC_ATLAS,ship,99807355-836e-46db-895d-a8f55c0821e4,SHIP_DEPARTURE,Rotterdam,T4,2026-05-29T21:26:14.972953,,
,CP_4401,train,600b243d-172b-46bd-8d96-d1d4f2f7f097,TRAIN_DEPARTURE,,T4,2026-05-29T21:27:01.972953,13,
952,EVER_GLOBE,ship,39701cec-f6d4-47b9-864f-6a9422151faf,SHIP_DEPARTURE,Singapore,T4,2026-05-29T21:29:04.972953,,
,CP_4401,train,9b6fc3e2-d76c-42bb-892f-cc20c8b80179,TRAIN_ARRIVAL,,T4,2026-05-29T21:29:29.972953,10,
,TAKARGO_991,train,284f2501-f70e-40d0-801e-e81a65e1733a,TRAIN_UNLOADING,,T4,2026-05-29T21:30:54.972953,18,
,CP_4401,train,8da90208-90c1-4733-8c38-157f7bae6c94,TRAIN_ARRIVAL,,T2,2026-05-29T21:30:57.972953,17,
,MEDWAY_778,train,3f7f8f8c-3d70-42c2-ba91-c07ccee4e3c7,TRAIN_LOADING,,T3,2026-05-29T21:31:39.972953,17,
,CONT_665152,container,2a40ce9f-8b2c-4d04-a02b-3614b3fe0db3,CONTAINER_TRANSFER,,T2,2026-05-29T21:31:42.972953,,11.3
,CONT_673746,container,24122804-940b-4346-a4d2-201bf8db4214,CONTAINER_SCAN,,T2,2026-05-29T21:31:49.972953,,28.59
,CONT_879218,container,d535513d-a047-4c40-a3eb-adb23f47cdc3,CONTAINER_SCAN,,T2,2026-05-29T21:31:55.972953,,26.73
443,MAERSK_NEXUS,ship,533dd129-dbd1-46a1-a37c-5e1173c80fa3,SHIP_ARRIVAL,Valencia,T3,2026-05-29T21:32:34.972953,,
,CONT_744218,container,1f0b36cf-786c-4399-abe5-8c6b44c7af6e,CONTAINER_SCAN,,T2,2026-05-29T21:33:19.972953,,24.77
1770,EVER_GLOBE,ship,3232c732-b666-4e7b-b929-563ba8775186,SHIP_UNDOCKED,Hamburg,T4,2026-05-29T21:33:31.972953,,
1055,MSC_ATLAS,ship,641b9451-e0bd-4fb0-b888-17436eb0e197,SHIP_DEPARTURE,Valencia,T4,2026-05-29T21:33:52.972953,,
980,POSEIDON_X,ship,f9695b22-f152-4295-a5d1-b61112f598d6,SHIP_DOCKED,Hamburg,T1,2026-05-29T21:35:20.972953,,
,CONT_866637,container,2b33b5eb-5c82-4e99-9d4b-0c2b4bcb4797,CONTAINER_LOAD,,T1,2026-05-29T21:35:32.972953,,27.93
,TAKARGO_991,train,264c48b1-dbb8-4dbe-bf5b-8d60137c5c60,TRAIN_UNLOADING,,T1,2026-05-29T21:35:52.972953,39,
,MEDWAY_778,train,0c619526-288d-403a-bd86-d2f3c5df1fa1,TRAIN_UNLOADING,,T1,2026-05-29T21:36:08.972953,40,
,CONT_591450,container,980a3600-82d3-43a7-9925-28c89b34b71d,CONTAINER_LOAD,,T2,2026-05-29T21:37:30.972953,,15.18
,CONT_912208,container,9eb8d33e-04bb-4001-8145-697089200e9c,CONTAINER_UNLOAD,,T4,2026-05-29T21:38:49.972953,,11.22
,TAKARGO_991,train,8448d2a6-b296-4af6-82cc-4287cab41efd,TRAIN_LOADING,,T4,2026-05-29T21:39:03.972953,12,
,MEDWAY_778,train,74a8ba60-21b8-42ca-b9f9-32a507a3cd98,TRAIN_DEPARTURE,,T4,2026-05-29T21:39:26.972953,29,
,CONT_734296,container,1f99b179-142e-46a3-a677-6d8617b569ce,CONTAINER_SCAN,,T2,2026-05-29T21:39:31.972953,,16.33
,TAKARGO_991,train,5d8c72aa-5a94-4ca6-a6e9-d18df599d3fc,TRAIN_DEPARTURE,,T4,2026-05-29T21:40:41.972953,16,
651,POSEIDON_X,ship,8685ad9a-f20e-4a39-870e-abc628d0c00e,SHIP_ARRIVAL,Shanghai,T1,2026-05-29T21:40:55.972953,,
,CONT_460711,container,137f96b0-fe73-4234-baad-314918d78914,CONTAINER_LOAD,,T2,2026-05-29T21:41:36.972953,,27.79
,CONT_250364,container,5b95cefa-3754-4fdc-9647-268f906f1f5e,CONTAINER_SCAN,,T4,2026-05-29T21:42:07.972953,,23.71
,TAKARGO_991,train,ebc14bd5-02d4-4a55-8778-8ca7ea89539e,TRAIN_ARRIVAL,,T3,2026-05-29T21:42:13.972953,21,
,MEDWAY_778,train,b3668c0a-498b-46ee-a74c-049f67dc875a,TRAIN_DEPARTURE,,T3,2026-05-29T21:43:41.972953,27,
,CP_4401,train,3338a205-ee0f-42be-a1c4-10b32678a767,TRAIN_UNLOADING,,T2,2026-05-29T21:45:32.972953,10,
,TAKARGO_991,train,4aacfc46-a60e-4c03-8bcd-4c41331acf52,TRAIN_LOADING,,T1,2026-05-29T21:45:36.972953,18,
545,MSC_ATLAS,ship,48bac82e-6b65-47d7-bc8a-d66e67c648b8,SHIP_DOCKED,Shanghai,T3,2026-05-29T21:46:50.972953,,
,CONT_631155,container,6c18c950-2b67-4b70-90ee-9cc22ea15854,CONTAINER_UNLOAD,,T4,2026-05-29T21:46:57.972953,,9.38
,MEDWAY_778,train,2d0c6429-4516-4d23-93d1-b2d0de4241e0,TRAIN_UNLOADING,,T2,2026-05-29T21:47:11.972953,11,
,MEDWAY_778,train,01cdeb5f-cdce-4cbd-93b8-ef92d90d0f6a,TRAIN_ARRIVAL,,T4,2026-05-29T21:47:56.972953,20,
,CONT_291515,container,84861bd8-5837-4bf9-956c-b5cacbb25080,CONTAINER_SCAN,,T4,2026-05-29T21:48:19.972953,,14.32
,MEDWAY_778,train,d728b9f3-092f-41ab-aea8-2e3478f24fae,TRAIN_ARRIVAL,,T1,2026-05-29T21:48:29.972953,33,
,MEDWAY_778,train,09ebfa91-8ced-4a89-9c0b-30b118610a2b,TRAIN_UNLOADING,,T1,2026-05-29T21:49:22.972953,29,
,CONT_785547,container,467109d7-4761-4a41-a306-54c4b16c94e9,CONTAINER_LOAD,,T1,2026-05-29T21:49:35.972953,,6.4
1863,POSEIDON_X,ship,46944bf1-bb0f-44e4-a486-cea870ee2b0f,SHIP_DOCKED,Hamburg,T4,2026-05-29T21:49:55.972953,,
,CONT_597332,container,4114a1f6-286e-4a11-b282-9ebcc839748d,CONTAINER_SCAN,,T1,2026-05-29T21:50:05.972953,,21.34
788,POSEIDON_X,ship,e0d8a4eb-a2ef-4473-847d-390b8358e8a6,SHIP_DEPARTURE,Singapore,T4,2026-05-29T21:50:37.972953,,
,CONT_215290,container,325b8c98-cc18-4c3c-963d-e20fbe52c5cb,CONTAINER_SCAN,,T4,2026-05-29T21:52:48.972953,,19.07
349,POSEIDON_X,ship,9d2aedf6-23b1-4e90-a054-117834a44c83,SHIP_UNDOCKED,Hamburg,T1,2026-05-29T21:52:52.972953,,
,CONT_551421,container,7917da52-8447-4cbc-95c8-bd9edf5d234a,CONTAINER_UNLOAD,,T1,2026-05-29T21:53:01.972953,,8.09
,CONT_161891,container,18ceb80b-1a33-4ae7-83d4-ea608b36016e,CONTAINER_UNLOAD,,T1,2026-05-29T21:53:12.972953,,6.61
,MEDWAY_778,train,2db2000b-4fec-4490-af5a-a4d663de0a4a,TRAIN_LOADING,,T3,2026-05-29T21:54:03.972953,30,
951,EVER_GLOBE,ship,931cfd03-5558-4cda-b17f-52cfff886d96,SHIP_UNDOCKED,Singapore,T4,2026-05-29T21:54:39.972953,,
350,EVER_GLOBE,ship,4af93b00-6fe0-4865-8011-c51dbf810547,SHIP_DEPARTURE,Rotterdam,T2,2026-05-29T21:54:57.972953,,
,TAKARGO_991,train,54977d2a-c8a5-48d8-b322-b9a1f7172237,TRAIN_DEPARTURE,,T2,2026-05-29T21:54:58.972953,39,
,MEDWAY_778,train,fa42a35a-dd29-4031-9c89-4f780703ea3e,TRAIN_ARRIVAL,,T3,2026-05-29T21:55:11.972953,32,
,CONT_265582,container,0a59ff6c-9864-4fea-8518-3816d9e6cd51,CONTAINER_SCAN,,T2,2026-05-29T21:56:38.972953,,7.48
,MEDWAY_778,train,a2f6cac3-e325-419f-91f2-1b581aca0540,TRAIN_LOADING,,T2,2026-05-29T21:57:04.972953,20,
,CONT_757200,container,431e4105-4c6a-492f-9d20-eac54fc82b10,CONTAINER_LOAD,,T1,2026-05-29T21:57:22.972953,,12.88
1812,MAERSK_NEXUS,ship,a331a106-296a-4cc6-82f5-e34dd4e1040c,SHIP_DOCKED,Shanghai,T1,2026-05-29T21:58:07.972953,,
1903,POSEIDON_X,ship,a117a9a0-c765-478e-90b9-c208273f8245,SHIP_UNDOCKED,Valencia,T3,2026-05-29T21:58:25.972953,,
1646,MSC_ATLAS,ship,413b9031-2a62-4058-87f6-d3b8841de548,SHIP_UNDOCKED,Valencia,T1,2026-05-29T21:59:12.972953,,
,TAKARGO_991,train,17c2dfa0-6e70-425f-95b2-65d5adbf2372,TRAIN_DEPARTURE,,T2,2026-05-29T21:59:53.972953,32,
,CP_4401,train,7104f499-3312-4cf4-921d-c581eaf9eaa0,TRAIN_LOADING,,T3,2026-05-29T22:00:11.972953,29,
1734,MAERSK_NEXUS,ship,1b805334-41d7-468b-91d4-dd82949e932a,SHIP_ARRIVAL,Rotterdam,T1,2026-05-29T22:01:56.972953,,
,CP_4401,train,d49634c2-e9dd-4e51-abbf-364e7c4c59ad,TRAIN_LOADING,,T3,2026-05-29T22:02:14.972953,37,
,CONT_652311,container,f7d33b6d-81d5-490d-a69d-e234afc129a6,CONTAINER_TRANSFER,,T3,2026-05-29T22:03:53.972953,,7.67
566,EVER_GLOBE,ship,fbe2e997-c19d-41a6-8c62-e191c19fb2de,SHIP_ARRIVAL,Hamburg,T2,2026-05-29T22:04:29.972953,,
,CP_4401,train,75eae794-dc18-4aa7-9f3d-b17153d84227,TRAIN_UNLOADING,,T3,2026-05-29T22:04:55.972953,13,
413,POSEIDON_X,ship,8ba14282-da2e-4a67-9852-1d4c5265a33b,SHIP_ARRIVAL,Hamburg,T4,2026-05-29T22:05:13.972953,,
279,POSEIDON_X,ship,f09a2dd1-7db9-4150-a8b2-40d598738ea4,SHIP_DEPARTURE,Shanghai,T2,2026-05-29T22:05:29.972953,,
165,POSEIDON_X,ship,b4ff910a-24cd-41d2-8614-81c3a81e42b3,SHIP_DEPARTURE,Valencia,T3,2026-05-29T22:07:24.972953,,
,CP_4401,train,2b443a8e-75d2-4e33-8b80-1b09923b9109,TRAIN_DEPARTURE,,T4,2026-05-29T22:10:40.972953,23,
1715,POSEIDON_X,ship,1e34bc02-704a-4c57-b361-a2caac96c8b4,SHIP_DEPARTURE,Rotterdam,T2,2026-05-29T22:12:19.972953,,
,MEDWAY_778,train,a6fdf32d-2acd-475b-a4cf-16f1439d44f6,TRAIN_LOADING,,T3,2026-05-29T22:13:12.972953,13,
225,EVER_GLOBE,ship,26f2073a-61fb-45e7-ab2b-295b42f6a4f3,SHIP_UNDOCKED,Valencia,T2,2026-05-29T22:13:39.972953,,
,CONT_572008,container,a2384627-48d0-442a-abd7-6a7f9094aeec,CONTAINER_UNLOAD,,T1,2026-05-29T22:13:42.972953,,17.81
,CONT_105245,container,4ad0b9c6-53ef-45a9-8cf8-84ab0852511d,CONTAINER_TRANSFER,,T2,2026-05-29T22:14:03.972953,,15.21
